{"cameraMode":{"drawMode":0,"name":"Shaded","section":"Shading Mode"},"sceneLighting":true,"audioPlay":false,"sceneViewState":{"m_AlwaysRefresh":false,"showFog":true,"showSkybox":false,"showFlares":true,"showImageEffects":true,"showParticleSystems":true,"showVisualEffectGraphs":true,"m_FxEnabled":true},"in2DMode":false,"pivot":{"x":-74.78883361816406,"y":-41.076534271240237,"z":-29.383224487304689},"rotation":{"x":-0.09298701584339142,"y":0.9062826037406921,"z":-0.27173805236816409,"w":-0.31012147665023806},"size":42.659568786621097,"orthographic":false}